archive_path	source_path	source_sha256	archive_sha256	match
config/indnext-negative-UnsafeAutoTrash.cfg	/tmp/safe01-closure-investigation-20261002/constants-negative.cfg	7311cac94cfe4f72d1fcd40ab815016300c4c704b0a280a5a777407270f86d04	7311cac94cfe4f72d1fcd40ab815016300c4c704b0a280a5a777407270f86d04	OK
config/indnext-positive.cfg	/tmp/safe01-closure-investigation-20261002/constants.cfg	378d0f4d9102daaf9334045eb07165d8d714de72151a4f2a81a4df5de8ee8b38	378d0f4d9102daaf9334045eb07165d8d714de72151a4f2a81a4df5de8ee8b38	OK
logs/apalache-0623-indnext-equivalent.log	/tmp/safe01-closure-investigation-20261002/apalache-0623-indnext-equivalent.log	01e8a526cb0a6ca0ae08b0968ac20a75a76faf7cde24fd8588f0e296512ba284	01e8a526cb0a6ca0ae08b0968ac20a75a76faf7cde24fd8588f0e296512ba284	OK
logs/apalache-0623-indnext.log	/tmp/safe01-closure-investigation-20261002/apalache-0623-indnext.log	a563951e17791fcb887d65eb9fe5d5bf5d619272ec4cdd79da80da875040c82d	a563951e17791fcb887d65eb9fe5d5bf5d619272ec4cdd79da80da875040c82d	OK
logs/apalache-0623-negative.log	/tmp/safe01-closure-investigation-20261002/apalache-0623-negative.log	5c60f078451bbf21cf317a0b1d1f486ea0b1c546d74ae77527113746491f89b9	5c60f078451bbf21cf317a0b1d1f486ea0b1c546d74ae77527113746491f89b9	OK
logs/apalache-indnext.log	/tmp/safe01-closure-investigation-20261002/apalache-indnext.log	232ae423abfb514ba4a40b05001828234160c26bedc3c5adc26e147b407ee13c	232ae423abfb514ba4a40b05001828234160c26bedc3c5adc26e147b407ee13c	OK
logs/tlc-original/safe01-closure-process-08m28.txt	/Users/mustafadungarpurwala/Dev/GitHub/PhotoDuplicateFinder/tmp-live-duplicate-test/postmerge-final-20261002/final-run/safe01-closure-process-08m28.txt	23238ccc6c949db419b6c99a33d562e6cf68e5cf5340a1382226511b2b5a528f	23238ccc6c949db419b6c99a33d562e6cf68e5cf5340a1382226511b2b5a528f	OK
logs/tlc-original/safe01-closure-process.txt	/Users/mustafadungarpurwala/Dev/GitHub/PhotoDuplicateFinder/tmp-live-duplicate-test/postmerge-final-20261002/final-run/safe01-closure-process.txt	b0e15385a072560177adc3d462796c40169897a531f215699cd3f663c019489f	b0e15385a072560177adc3d462796c40169897a531f215699cd3f663c019489f	OK
logs/tlc-original/safe01-selection-closure-tlc.log	/Users/mustafadungarpurwala/Dev/GitHub/PhotoDuplicateFinder/tmp-live-duplicate-test/postmerge-final-20261002/final-run/safe01-selection-closure-tlc.log	ebfe0d76ec4e36ae619f58372496ca0da34db95de60955a27ed40e1b58a298af	ebfe0d76ec4e36ae619f58372496ca0da34db95de60955a27ed40e1b58a298af	OK
logs/tlc-original/safe01-selection-closure.json	/Users/mustafadungarpurwala/Dev/GitHub/PhotoDuplicateFinder/tmp-live-duplicate-test/postmerge-final-20261002/final-run/safe01-selection-closure.json	3afa48f9e9e0adadaad8315d897ca13cbceeea40dbc533b45235e0c08644cb42	3afa48f9e9e0adadaad8315d897ca13cbceeea40dbc533b45235e0c08644cb42	OK
runs/negative/MCviolation.out	/tmp/safe01-closure-investigation-20261002/run-0623-negative/KeeperSelection.tla/2026-10-02T14-26-15_8304791721299107841/MCviolation.out	6371b321acbbb0e5ddec0f9ce7a5ef376b59b716c59ab326ebe0b064e5299c59	6371b321acbbb0e5ddec0f9ce7a5ef376b59b716c59ab326ebe0b064e5299c59	OK
runs/negative/MCviolation1.out	/tmp/safe01-closure-investigation-20261002/run-0623-negative/KeeperSelection.tla/2026-10-02T14-26-15_8304791721299107841/MCviolation1.out	6371b321acbbb0e5ddec0f9ce7a5ef376b59b716c59ab326ebe0b064e5299c59	6371b321acbbb0e5ddec0f9ce7a5ef376b59b716c59ab326ebe0b064e5299c59	OK
runs/negative/detailed.log	/tmp/safe01-closure-investigation-20261002/run-0623-negative/KeeperSelection.tla/2026-10-02T14-26-15_8304791721299107841/detailed.log	f47882f2ade92fe4d1a7abc5367b656b92206c448b1dfce50e3340bf68dcdc0a	f47882f2ade92fe4d1a7abc5367b656b92206c448b1dfce50e3340bf68dcdc0a	OK
runs/negative/log0.smt	/tmp/safe01-closure-investigation-20261002/run-0623-negative/KeeperSelection.tla/2026-10-02T14-26-15_8304791721299107841/log0.smt	c0a6e962b48d940e2c94211ebf831179df3ab27bac218e2147423717c09ea517	c0a6e962b48d940e2c94211ebf831179df3ab27bac218e2147423717c09ea517	OK
runs/negative/run.txt	/tmp/safe01-closure-investigation-20261002/run-0623-negative/KeeperSelection.tla/2026-10-02T14-26-15_8304791721299107841/run.txt	6b0e961864af243832e4cdbe4d31d4ace514807eeb35ac94cbf1fbf344a1543d	6b0e961864af243832e4cdbe4d31d4ace514807eeb35ac94cbf1fbf344a1543d	OK
runs/negative/violation.itf.json	/tmp/safe01-closure-investigation-20261002/run-0623-negative/KeeperSelection.tla/2026-10-02T14-26-15_8304791721299107841/violation.itf.json	1af8540f064e1b9a352b49d6b4d4b0015185ab3b00afb012d135718d087309e9	1af8540f064e1b9a352b49d6b4d4b0015185ab3b00afb012d135718d087309e9	OK
runs/negative/violation.json	/tmp/safe01-closure-investigation-20261002/run-0623-negative/KeeperSelection.tla/2026-10-02T14-26-15_8304791721299107841/violation.json	9583688b94660f436eaeaa1b4409f423f45ddb547f61cc3d5dadc3d56fee45fc	9583688b94660f436eaeaa1b4409f423f45ddb547f61cc3d5dadc3d56fee45fc	OK
runs/negative/violation.tla	/tmp/safe01-closure-investigation-20261002/run-0623-negative/KeeperSelection.tla/2026-10-02T14-26-15_8304791721299107841/violation.tla	029180072cc1175e987efbb6cbd6909880eab77fcf90e2e6ef9425dd27371195	029180072cc1175e987efbb6cbd6909880eab77fcf90e2e6ef9425dd27371195	OK
runs/negative/violation1.itf.json	/tmp/safe01-closure-investigation-20261002/run-0623-negative/KeeperSelection.tla/2026-10-02T14-26-15_8304791721299107841/violation1.itf.json	1af8540f064e1b9a352b49d6b4d4b0015185ab3b00afb012d135718d087309e9	1af8540f064e1b9a352b49d6b4d4b0015185ab3b00afb012d135718d087309e9	OK
runs/negative/violation1.json	/tmp/safe01-closure-investigation-20261002/run-0623-negative/KeeperSelection.tla/2026-10-02T14-26-15_8304791721299107841/violation1.json	9583688b94660f436eaeaa1b4409f423f45ddb547f61cc3d5dadc3d56fee45fc	9583688b94660f436eaeaa1b4409f423f45ddb547f61cc3d5dadc3d56fee45fc	OK
runs/negative/violation1.tla	/tmp/safe01-closure-investigation-20261002/run-0623-negative/KeeperSelection.tla/2026-10-02T14-26-15_8304791721299107841/violation1.tla	029180072cc1175e987efbb6cbd6909880eab77fcf90e2e6ef9425dd27371195	029180072cc1175e987efbb6cbd6909880eab77fcf90e2e6ef9425dd27371195	OK
runs/positive/detailed.log	/tmp/safe01-closure-investigation-20261002/run-0623-equivalent/KeeperSelection.tla/2026-10-02T14-23-39_13711592916703083254/detailed.log	d75b3acf6fe9fa212325aaf5ecbce47b7e3521b41d46350ca1b368ede94dba19	d75b3acf6fe9fa212325aaf5ecbce47b7e3521b41d46350ca1b368ede94dba19	OK
runs/positive/log0.smt	/tmp/safe01-closure-investigation-20261002/run-0623-equivalent/KeeperSelection.tla/2026-10-02T14-23-39_13711592916703083254/log0.smt	c0a6e962b48d940e2c94211ebf831179df3ab27bac218e2147423717c09ea517	c0a6e962b48d940e2c94211ebf831179df3ab27bac218e2147423717c09ea517	OK
runs/positive/run.txt	/tmp/safe01-closure-investigation-20261002/run-0623-equivalent/KeeperSelection.tla/2026-10-02T14-23-39_13711592916703083254/run.txt	f8279e00d45f4291b41b57d378c545878c8e7713baa58de212052cf45d5e6355	f8279e00d45f4291b41b57d378c545878c8e7713baa58de212052cf45d5e6355	OK
source/KeeperSelection.apalache-equivalent.tla	/tmp/safe01-closure-investigation-20261002/KeeperSelection.tla	d8e6449bebf69078eb2e0327796f5d91bfb90aad3dc29c2a33b023227113c83f	d8e6449bebf69078eb2e0327796f5d91bfb90aad3dc29c2a33b023227113c83f	OK
source/KeeperSelection.canonical.tla	/Users/mustafadungarpurwala/Dev/GitHub/PhotoDuplicateFinder/verification/model/KeeperSelection.tla	aebf558cfee46c37b082d28e09249de663d1232fd35802bb1290ddeda191e0a1	aebf558cfee46c37b082d28e09249de663d1232fd35802bb1290ddeda191e0a1	OK
source/KeeperSelection.closure.canonical.cfg	/Users/mustafadungarpurwala/Dev/GitHub/PhotoDuplicateFinder/verification/model/KeeperSelection.closure.cfg	61a9ec47210f11e626659c5355b8288dd630ea8ad685c07a1d78cc684e5129fe	61a9ec47210f11e626659c5355b8288dd630ea8ad685c07a1d78cc684e5129fe	OK
source/run-keeper-selection-tlc.mjs	/Users/mustafadungarpurwala/Dev/GitHub/PhotoDuplicateFinder/verification/run-keeper-selection-tlc.mjs	a563b22357585313a934d0c791b3f92267aefe874771885e8ba1f1f33c905abf	a563b22357585313a934d0c791b3f92267aefe874771885e8ba1f1f33c905abf	OK
source/typeok-equivalence.patch	generated diff(canonical,temp)	003a0169313bc4230effc61c7bf3860a31033a25407f999b852fc6603b3fde7e	003a0169313bc4230effc61c7bf3860a31033a25407f999b852fc6603b3fde7e	OK
